{"exact": 30.133333333333333, "f1": 61.161265214882974, "total": 375, "HasAns_exact": 30.133333333333333, "HasAns_f1": 61.161265214882974, "HasAns_total": 375}