{"exact": 38.423645320197046, "f1": 63.98682349859621, "total": 203, "HasAns_exact": 38.423645320197046, "HasAns_f1": 63.98682349859621, "HasAns_total": 203}