{"exact": 24.266666666666666, "f1": 43.787294717022675, "total": 375, "HasAns_exact": 24.266666666666666, "HasAns_f1": 43.787294717022675, "HasAns_total": 375}